dates,county,cases,deaths
2020-03-27,Allegan,0,0
2020-03-27,Barry,0,0
2020-03-27,Bay,0,0
2020-03-27,Berrien,7,0
2020-03-27,Calhoun,2,0
2020-03-27,Cass,0,0
2020-03-27,Charlevoix,0,0
2020-03-27,Clare,0,0
2020-03-27,Clinton,1,0
2020-03-27,Crawford,1,0
2020-03-27,Detroit,230,8
2020-03-27,Dickinson,1,0
2020-03-27,Eaton,4,0
2020-03-27,Emmet,1,0
2020-03-27,Genesee,27,3
2020-03-27,Gladwin,0,0
2020-03-27,Gogebic,1,1
2020-03-27,Grand Traverse,0,0
2020-03-27,Gratiot,1,0
2020-03-27,Hillsdale,1,0
2020-03-27,Huron,1,0
2020-03-27,Ingham,4,1
2020-03-27,Ionia,0,0
2020-03-27,Iosco,0,0
2020-03-27,Isabella,1,0
2020-03-27,Jackson,-1,0
2020-03-27,Kalamazoo,1,0
2020-03-27,Kalkaska,2,0
2020-03-27,Kent,7,0
2020-03-27,Lapeer,1,0
2020-03-27,Leelanau,0,0
2020-03-27,Lenawee,3,0
2020-03-27,Livingston,10,0
2020-03-27,Macomb,57,3
2020-03-27,Manistee,0,0
2020-03-27,Marquette,0,0
2020-03-27,Mecosta,0,0
2020-03-27,Midland,3,0
2020-03-27,Missaukee,0,0
2020-03-27,Monroe,7,0
2020-03-27,Montcalm,0,0
2020-03-27,Muskegon,3,2
2020-03-27,Newaygo,-1,0
2020-03-27,Oakland,156,11
2020-03-27,Oceana,0,0
2020-03-27,Ogemaw,1,0
2020-03-27,Otsego,0,0
2020-03-27,Ottawa,3,0
2020-03-27,Roscommon,0,0
2020-03-27,Saginaw,4,0
2020-03-27,Sanilac,1,0
2020-03-27,Shiawassee,1,0
2020-03-27,St. Clair,5,0
2020-03-27,Tuscola,0,0
2020-03-27,Van Buren,1,0
2020-03-27,Washtenaw,58,0
2020-03-27,Wayne,191,3
2020-03-27,Wexford,0,0
2020-03-27,Unknown,-3,0
2020-03-27,Non-MI,2,0
2020-03-27,Total,3657,92
